File Name,ttc
000486,4.9
000528,3.1
000200,3.0
000890,3.0
000845,3.6
001069,3.1
001206,3.1
001055,3.2
000011,4.3
000148,3.2
000722,3.0
000283,4.2
000299,4.7
000614,3.2
000292,4.7
000650,3.8
000599,3.8
001044,4.1
000553,3.6
001299,4.1
000130,3.2
001062,4.8
000332,4.2
000324,3.3
000681,3.5
000479,3.7
000562,4.9
000136,3.5
000507,4.1
000514,3.9
001372,3.8
000436,4.0
000874,3.0
001463,3.0
000753,4.7
000666,4.5
000159,3.2
001254,4.2
001293,4.2
000576,3.5
000353,3.1
000938,4.0
001296,3.6
001393,3.7
001301,3.1
000592,4.3
000665,4.6
000196,3.0
001241,3.8
001049,3.7
000439,4.4
001436,3.6
000644,3.8
000097,3.6
000585,3.3
001215,3.4
000157,4.3
000420,3.9
000411,3.8
001223,3.3
000478,3.9
000515,4.1
001286,3.4
001454,3.7
001119,3.5
000448,4.9
000179,3.0
000391,3.3
001290,3.0
001308,3.1
001367,3.1
001048,4.4
001143,4.7
000635,4.1
000866,3.3
000788,3.6
000745,3.2
000860,3.5
000295,4.5
000545,3.8
001363,3.3
000089,3.3
001032,4.5
001380,3.5
000577,4.4
000907,4.2
001388,4.2
001092,4.4
000944,3.0
000291,3.3
001419,4.6
001019,4.1
000349,3.7
000568,4.6
001413,3.9
001059,3.0
000600,4.6
000459,4.0
000376,3.0
000334,3.3
000757,3.6
001324,4.1
000712,4.1
001390,3.0
000567,3.0
000329,4.0
000319,4.9
001303,3.4
000953,4.2
000013,4.5
000172,3.0
000261,4.0
000820,4.6
001495,3.5
000797,4.1
000139,3.0
000550,4.4
000616,3.5
000846,3.0
000778,4.3
000559,4.1
000140,3.2
001310,3.5
001024,3.5
000225,3.0
000964,4.7
000410,3.7
000326,3.0
000300,3.8
000994,3.4
001033,4.2
000671,4.5
001480,4.5
000947,3.0
001270,4.6
000574,4.3
000504,3.8
001038,3.6
000004,4.1
001469,3.5
000468,3.5
000322,3.4
000006,4.5
000974,3.3
000548,3.5
001477,3.1
000040,3.1
000543,3.9
000243,3.1
000137,3.7
000603,3.9
000773,3.4
000847,4.4
001091,3.4
001366,3.0
000582,3.7
001475,3.0
000789,4.7
001389,4.2
000377,4.4
000315,3.1
000443,3.6
000320,4.4
001479,3.0
000794,3.8
001133,4.2
000425,3.0
000554,4.0
000595,4.6
000894,3.0
001482,3.8
001218,3.3
001165,4.4
000228,4.7
000715,3.9
000811,3.0
000980,3.2
001076,4.4
000067,3.4
000394,4.1
000580,4.3
000990,3.7
000212,3.0
001160,4.7
000782,3.2
000537,4.5
000775,3.8
000662,3.6
000086,3.0
001350,3.4
001217,4.4
000916,3.0
000661,3.9
001351,4.6
000631,3.2
001034,4.0
001400,3.3
001093,3.3
000274,3.9
000723,3.9
000363,3.3
000623,3.5
000003,3.1
000007,3.1
000312,3.8
001168,4.1
000939,4.5
001478,4.9
000216,3.0
001321,3.0
000028,3.7
001466,3.0
001025,3.8
000786,4.3
000639,3.2
000830,3.8
000827,3.7
000625,3.8
000850,3.3
000257,4.9
000026,3.6
000337,3.1
000573,3.2
000048,4.4
000107,4.4
000350,4.2
000056,3.9
000809,3.4
000214,3.0
000121,3.3
000870,4.1
000856,3.0
000073,3.0
001381,3.2
000721,4.0
000046,3.8
001264,4.0
000524,3.5
000869,4.3
001108,4.8
001275,3.0
000803,3.6
000534,3.7
001138,3.3
000604,3.4
000466,4.0
001203,3.0
001278,3.3
001444,3.0
000989,3.6
000061,3.0
000886,3.0
000093,3.2
000667,3.8
000706,4.1
000195,3.0
000281,3.9
000696,4.6
000360,3.9
000520,4.5
000813,4.4
000768,3.5
000183,3.0
001487,4.8
000111,3.4
000043,3.6
001007,3.1
000205,3.0
000821,4.1
000053,3.3
000546,3.5
001132,3.6
001158,3.0
001468,4.5
000911,3.0
000184,3.0
000138,3.9
001150,4.1
000081,3.0
001213,4.6
000106,3.8
000542,4.9
001314,3.8
000481,4.0
000166,3.0
000249,3.0
000308,3.2
000447,4.7
000747,3.0
000335,3.6
000098,4.1
000760,4.9
000738,3.5
000837,3.0
000943,4.8
000103,3.0
000435,3.3
000075,3.0
001341,3.9
001125,4.5
001360,3.7
000303,3.7
001263,4.1
001224,3.3
000734,3.5
000389,4.5
000236,4.1
001246,4.3
000268,3.0
000306,3.4
000118,4.6
001212,3.7
000674,4.9
000250,3.5
001094,3.6
001080,3.4
000072,3.4
000095,3.4
000848,3.0
000034,4.1
001101,4.0
000449,4.5
000446,3.2
000772,4.6
000717,3.6
000887,4.0
001245,3.4
000901,3.0
001036,4.2
000078,3.0
000085,3.0
000835,3.2
000083,3.5
000458,4.4
000919,3.2
000677,3.8
000985,3.8
001240,3.5
000437,3.5
000771,3.3
000645,3.7
001120,3.2
000906,4.4
001194,4.2
000405,4.0
001304,4.1
000934,3.0
001486,3.7
000105,3.1
000610,4.5
001456,3.2
000689,4.1
000949,3.0
000932,3.0
000063,3.5
000282,3.2
000779,3.3
001394,3.3
000239,3.0
000224,3.0
000146,4.7
001399,3.5
000374,4.7
001229,3.7
000119,3.6
001167,3.9
000251,3.6
001445,3.3
001023,4.2
000010,3.1
000450,4.5
000883,3.0
000709,4.2
000256,3.1
000594,4.5
000390,3.3
001088,4.6
001201,3.7
000558,3.9
001288,4.5
000840,4.1
000461,3.1
000724,3.7
001382,3.3
000145,3.0
000502,4.5
001099,4.8
000740,3.2
001385,3.8
000732,3.0
000540,3.3
000178,3.0
001447,4.1
000698,4.3
000941,4.4
001050,3.8
000923,3.0
000899,3.0
001493,3.2
000008,3.8
000863,3.3
000668,4.5
001161,3.4
000358,3.7
000784,3.3
000736,3.9
000330,3.8
001056,3.0
001149,3.9
001118,4.2
000259,3.7
001176,4.9
000373,3.4
001104,3.7
000926,3.0
000143,3.9
000526,3.5
001139,4.9
001008,3.8
001122,4.6
001424,3.4
000441,3.2
000532,3.6
001202,3.9
000227,3.9
001037,4.3
000229,3.9
001280,4.5
001450,3.0
000213,3.0
000080,3.0
000149,3.9
000815,4.2
000904,3.1
000959,3.4
000672,4.7
001156,3.0
000556,3.8
000908,3.1
000134,3.2
001109,3.7
000824,3.0
000409,3.1
000369,4.2
000508,4.3
001182,3.8
000505,4.5
001489,3.7
000348,4.3
000387,3.0
000001,3.2
000361,3.3
000895,3.8
000829,3.7
001416,4.6
000476,4.1
001281,4.0
000058,3.4
000638,3.6
001331,4.9
001054,3.8
001371,3.1
000173,3.0
000451,3.2
000126,3.0
001180,3.9
000531,3.1
000858,3.1
000714,4.4
000091,4.2
001451,4.6
000182,3.0
000876,3.0
001031,3.7
000787,4.3
000415,3.4
000252,4.9
000070,4.0
000804,3.0
000132,3.0
000301,4.4
001430,3.0
000327,3.5
001465,3.3
001114,3.8
000500,3.8
001378,3.0
000833,3.4
000365,3.4
000496,3.6
001395,3.1
000339,3.8
000422,3.7
000165,4.6
000029,3.5
000517,3.7
000194,3.0
001328,3.1
001362,3.0
000946,4.1
001361,4.0
000170,3.0
000168,3.0
000653,4.6
000174,3.0
000519,4.2
001214,3.1
001401,3.6
000913,3.2
000492,4.5
000954,4.0
000074,3.0
001253,4.2
000588,4.1
000751,4.0
000658,3.9
000843,3.2
000235,3.1
000733,3.0
000215,3.0
000163,3.4
000133,3.6
001312,3.4
000223,3.2
001228,4.0
000935,3.0
000186,3.0
000042,3.5
000693,4.2
000109,3.0
000039,3.0
000569,3.5
000995,4.7
001343,3.9
001442,4.6
000484,4.1
000469,3.3
000891,3.0
000948,3.0
000025,3.3
001010,3.3
001193,3.2
000069,4.3
000885,3.0
001355,4.2
000367,3.7
000506,4.8
000851,4.2
001316,3.8
000384,3.2
000735,3.0
000718,4.6
001336,3.3
000455,4.6
000265,3.7
000076,3.0
000915,4.5
000233,4.2
000445,3.3
000396,3.6
000612,4.9
000177,3.0
000019,4.2
001311,4.8
001222,3.4
000342,3.7
001348,3.0
000880,3.1
000596,3.3
000062,4.3
001261,3.1
000273,3.4
001209,3.9
000873,3.2
001121,4.2
001407,3.7
000279,3.2
000037,3.4
000663,3.2
001352,3.4
001090,4.9
000978,4.5
000739,3.0
000192,3.0
000920,3.1
000457,3.6
000676,3.8
000761,3.0
001353,3.8
000729,3.5
000413,3.5
000826,3.3
000617,3.7
000115,3.3
000418,3.0
001429,4.6
000970,4.8
000605,4.3
001435,3.1
000090,3.1
000849,3.7
001146,4.7
001434,3.3
000754,4.6
000499,3.0
000012,3.0
000397,4.2
000285,4.0
000691,3.8
001231,4.1
001404,4.3
000690,3.3
000852,4.5
000160,3.9
000896,3.0
001190,3.2
000258,4.5
000336,4.4
001408,4.2
001040,4.0
000516,4.8
001016,3.8
000769,3.2
001317,3.2
000762,3.4
001103,4.2
000522,3.8
000023,3.8
000357,3.4
001272,4.1
000341,3.8
000432,4.3
000474,4.1
000218,3.0
000912,3.6
001205,4.5
001012,3.7
001459,4.0
000094,3.0
001009,4.5
001071,3.6
000697,3.6
000997,3.7
000154,3.8
001300,3.5
001498,4.7
000790,3.1
000581,4.9
000704,4.0
001259,3.5
000488,4.4
000560,4.5
000802,4.0
000513,4.2
000634,3.1
001111,3.3
001472,4.0
000791,3.8
000117,3.0
000741,4.8
001082,3.2
000831,3.0
000120,4.3
000657,4.4
000636,4.3
000370,3.2
000269,3.5
000656,3.8
000936,4.2
000823,4.9
000867,3.2
000047,4.6
001291,3.9
000992,3.6
000877,3.4
000774,3.1
001500,4.5
000005,3.0
001004,3.1
001302,3.1
000264,4.0
001334,4.6
001443,4.3
000444,3.6
001003,3.0
001078,3.9
000838,3.1
001340,3.2
000305,4.8
001175,4.7
000314,3.6
000150,4.0
000575,4.2
000051,4.4
001415,3.7
000727,4.2
000834,3.0
001116,4.8
000471,4.0
000972,4.6
000654,4.0
000400,3.9
000512,4.4
000321,4.7
000020,3.9
000685,4.5
000036,4.6
000903,3.2
000828,3.8
001345,3.2
000408,4.2
000921,3.0
000538,3.3
000759,3.2
001063,3.5
000246,3.0
001128,3.0
000785,3.2
000490,4.4
000155,4.0
000962,4.9
000854,3.5
000626,4.4
000686,4.3
000570,4.0
001427,3.0
000018,4.0
000128,3.1
000928,3.0
000981,3.0
001470,4.1
000191,3.0
001140,3.8
000993,4.0
001464,3.7
001252,4.4
000607,3.8
000181,3.0
000302,4.6
000497,4.2
001315,3.0
001256,3.4
001238,3.5
000518,3.9
001070,3.1
000477,3.8
000158,4.1
001196,3.0
000017,4.7
001073,3.9
000547,3.2
000659,3.1
001227,3.8
001020,4.3
001319,3.1
000960,4.1
001410,3.0
000284,4.6
000798,3.7
000226,3.6
000027,3.5
000438,3.5
001458,4.3
000230,3.6
000038,4.6
000750,3.4
001046,4.2
000470,3.7
001279,3.7
001473,4.4
000688,3.8
001379,3.8
000640,4.2
001417,3.0
001219,3.9
001159,3.9
001251,3.0
001440,3.5
000801,3.3
000161,3.2
000957,4.6
001187,4.7
000822,4.5
001271,3.0
000878,3.4
000914,3.0
000153,3.1
001374,3.4
000510,4.0
001136,4.2
001322,3.6
000104,3.3
000587,3.9
001329,4.6
001144,3.9
000054,3.7
000152,3.2
000404,3.2
001455,3.5
000208,3.0
001418,3.3
001123,4.4
000009,3.5
001015,4.4
001344,3.0
001061,3.6
000453,3.1
000254,3.0
000897,3.5
001309,3.6
000881,3.3
001428,3.7
000624,3.4
000346,3.9
001287,3.7
000263,3.0
000151,3.6
000473,4.9
000641,4.7
001485,4.1
001411,4.7
000551,4.8
000929,3.5
000489,4.6
001357,3.6
001172,3.3
000147,4.8
000403,4.8
000955,3.1
001406,3.6
000660,4.7
000464,3.7
000187,3.0
001148,3.1
001225,4.3
000609,3.1
000144,3.4
000752,3.2
000982,3.3
000198,3.0
000884,3.0
000280,4.7
000294,3.9
001365,3.0
000401,3.1
000123,3.5
001208,3.8
000203,3.0
000836,3.8
000247,4.7
001423,4.4
001409,4.0
001154,4.7
000385,4.9
001323,4.0
000855,3.4
000220,3.7
000642,3.8
000002,3.0
000113,3.0
000699,3.4
001432,4.5
000952,4.5
001318,3.0
001292,3.0
001354,3.2
000442,4.6
001137,4.9
001257,4.3
000664,4.1
001373,3.0
001258,3.5
001332,3.8
000318,3.5
000649,4.3
000710,4.9
001283,4.4
000973,3.0
000628,3.3
000633,4.5
001307,3.1
001249,4.6
001462,4.9
001255,3.0
001384,3.0
000796,4.9
000646,3.7
001013,4.2
000557,3.9
000682,3.1
000578,3.6
001110,3.4
001267,4.9
001184,3.4
000525,3.2
001060,3.8
000541,3.0
001195,4.8
000749,3.2
001387,3.8
000485,4.2
000096,3.3
001021,4.9
000564,4.8
001265,3.6
000743,3.2
000864,3.6
000892,4.2
001039,3.7
000207,3.0
000393,3.6
000795,4.2
000871,3.0
000398,3.2
000767,4.0
001377,3.2
001242,3.8
001029,4.4
000643,4.1
000613,4.1
000961,3.0
000726,4.0
000684,3.1
000099,3.4
000805,3.0
000407,4.0
000503,3.5
001072,3.2
001057,3.3
000930,3.5
000780,3.2
000201,3.0
000135,3.1
001052,4.0
000041,4.6
001018,3.1
000231,4.2
000379,4.5
000289,4.1
000419,3.6
000392,3.5
000593,3.5
001163,4.0
001087,4.8
000648,4.0
001153,4.9
001368,3.8
000521,3.0
000065,3.9
000015,4.9
001181,4.2
001065,3.5
000493,4.1
000380,4.7
000188,3.0
000764,3.4
000217,3.0
000792,3.4
001077,4.5
000879,3.0
000338,4.9
000720,3.9
000296,4.4
001017,3.3
001276,3.1
000456,4.7
001497,4.8
000816,3.1
000270,4.2
000996,4.4
000202,3.0
000162,3.9
000730,3.5
000402,3.6
000703,3.2
001130,3.6
000566,3.4
001414,4.2
001022,3.0
001026,4.7
001412,3.5
001105,3.5
000206,3.0
000035,4.8
000776,3.4
000509,4.8
001476,3.4
001391,4.0
000092,3.1
001364,3.0
000898,3.4
000565,3.1
001370,3.0
000777,3.9
000242,3.3
000014,4.4
000316,4.6
000601,3.5
000388,4.8
001298,3.8
000167,3.0
000841,4.7
000021,3.1
000647,3.2
001155,3.0
000832,3.1
001268,4.3
000563,4.1
001461,4.9
000687,3.3
000958,3.2
000190,3.0
000976,4.0
000700,4.6
000511,3.2
001083,3.3
000475,4.2
000857,3.5
000748,3.8
000253,3.0
000022,4.4
001338,3.0
000460,3.4
001185,3.0
000277,4.9
000956,3.4
001216,4.9
000386,4.8
000806,3.5
001438,3.6
000344,4.1
000770,3.3
001333,3.2
000131,3.1
000872,3.6
001124,4.3
001397,3.6
000088,3.9
001483,4.1
000331,3.4
001239,3.8
000467,4.7
000122,3.0
001045,3.6
001096,4.0
001131,3.4
001295,3.7
000861,3.3
001460,3.3
001127,3.0
0135c724-efe26d29,5.0
00699de6-58847872,5.0
01d0c813-e334c048,5.0
036a6bf9-95a6990b,5.0
00cb28b9-08a22af7,5.0
009215e2-62d79d70,5.0
02521568-a335c1a0,5.0
034ebec5-b2b76478,5.0
01f087ee-e1c08372,5.0
03aa1144-c167799a,5.0
0168e22b-fe7ec19d,5.0
0252f2b5-2e69185a,5.0
03626025-2af8b800,5.0
019c8305-0bb153d0,5.0
0362f5f6-64da00df,5.0
021c4a16-f4d18785,5.0
039cb0e4-f0bc9d7a,5.0
01a8723d-6477ce11,5.0
002b562f-e0ac84fe,5.0
003baca5-aab2e274,5.0
029e2aad-f295cf71,5.0
01ff2210-c4cd7f4f,5.0
006d6f8e-4759e8c1,5.0
0231c6df-b84bd28f,5.0
00e42886-b826e91d,5.0
0153f03b-8fbdc1ad,5.0
0104eb19-162abfea,5.0
02a11306-ea3764fe,5.0
03c28a8d-19a0e7ec,5.0
00f89335-2ef7949d,5.0
0245bba2-838a71a5,5.0
009b6a87-b15675e2,5.0
03b106b5-c0e0b623,5.0
002d290d-f9108a13,5.0
02ddd956-5e8f29ff,5.0
00cf8e3d-a7b4978c,5.0
03c239e4-9d278671,5.0
02cfe806-9f5dfc26,5.0
03d0bae7-9627a648,5.0
00ce6f6d-50bbee62,5.0
0370614f-ad45fbf4,5.0
01c2e726-c3a655b2,5.0
01621265-578a97d7,5.0
034114c8-3b152a80,5.0
0135988f-6e5c56c0,5.0
00091078-875c1f73,5.0
01460ec4-0233fef9,5.0
02b3fce2-28a8c45f,5.0
0355243b-d696291a,5.0
0314ed72-c5a4a711,5.0
026d68d3-bb2704f1,5.0
004855fc-ff3946ad,5.0
03b8bba0-29219fd3,5.0
005c4fd3-cb4d6287,5.0
019588c0-90390013,5.0
01a4deab-0f7d41cc,5.0
01306b58-cf6faad9,5.0
034d18b7-f0403558,5.0
032164cf-79aca73b,5.0
01638325-504ab42d,5.0
02b60681-3c20b8a3,5.0
004071a4-049b7b85,5.0
02506726-7d5fd8d1,5.0
0129ed1d-41528bb8,5.0
03af7994-899a5283,5.0
02ef72c1-3f5a958d,5.0
02ef72c1-6e9a4af4,5.0
00d8944b-e157478b,5.0
0049e5b8-afda7206,5.0
024b275b-bbfdf5ee,5.0
00fcfec9-8accd82b,5.0
01638325-eb95ed3a,5.0
02a7e164-14ba1015,5.0
03b8bba0-73b58cc3,5.0
01ce75e2-df9688eb,5.0
03a1130c-8c69a61a,5.0
02f08b1d-16200b45,5.0
03978fc8-b1fe3a3f,5.0
036605bd-a83a10e2,5.0
02f98d04-38964dcb,5.0
01f7bbd1-2f36d7a2,5.0
007eddfc-bcaeb35b,5.0
00cf8e3d-3d27efb0,5.0
01460ec4-a1d65b66,5.0
00390995-49d9a01e,5.0
012a9c41-9423165c,5.0
01d3a4d7-c76b7e73,5.0
02ddd956-8089f55d,5.0
0183d6f9-806f64bd,5.0
0276479f-1f42729b,5.0
0000f77c-6257be58,5.0
02006c28-c2c5e796,5.0
01534bbe-6b88ae77,5.0
011c1a10-d1b6a6a2,5.0
02a0f142-1b621396,5.0
02a70c1f-6f18e57f,5.0
022752db-62708ac2,5.0
017bec14-8512b7fd,5.0
015cbf2d-1b0ecee0,5.0
00ccf2e8-ac055be6,5.0
028357c9-e07642f7,5.0
012c118a-93e8b511,5.0
024a1f76-7609e57e,5.0
00d79c0a-a2b85ca4,5.0
02133057-fc70cc0e,5.0
02d5e1be-98109303,5.0
00ac3256-0f8e2cda,5.0
039f729b-0fb582da,5.0
012d563d-30edbc0f,5.0
0334d6ba-b42d12c0,5.0
01041028-187a2d1f,5.0
0168e22b-81d10cb6,5.0
00db9030-5102ed41,5.0
019c4fa9-d4219327,5.0
0315cc1f-d0c40c17,5.0
02d3b618-93ba27d9,5.0
02ddd956-5440cc89,5.0
0217af10-63bbd387,5.0
02e3a54e-b6820916,5.0
002ab96a-ea678692,5.0
03c8da12-b57178f9,5.0
01ccbe43-9852f803,5.0
00b04b30-2e874876,5.0
03b17058-36fda951,5.0
036b3982-4255bbe0,5.0
02ab2e11-e7054d3c,5.0
035cbba8-1e0e6c8d,5.0
02346f91-aaa4e437,5.0
0077ccb8-d5778190,5.0
038cd048-08f993cd,5.0
02669bf6-e34063e6,5.0
0065fe83-c80cf6c3,5.0
00211b17-ad3e206b,5.0
027e72be-02d4782f,5.0
0052b279-87c692aa,5.0
02c2c31c-d030d8b6,5.0
02ac138c-6bc72d56,5.0
02006c28-dbd5e8e9,5.0
0081da60-5fa22cc6,5.0
0124dfa6-30a430dc,5.0
01bfe142-2d54e71b,5.0
0195c13b-01c07d6a,5.0
013ae324-36be6bc2,5.0
02d5e1be-c0e9cba4,5.0
02e3a54e-4caaff18,5.0
0218c5b0-ad70f9a0,5.0
022752db-86f73c57,5.0
036bac72-8dd5fedc,5.0
036605bd-474ceef4,5.0
03ab1996-72301852,5.0
02188a44-65ad27f3,5.0
02a0f142-c9c4b7d5,5.0
00c497ae-595d361b,5.0
03c28a8d-9fd776c9,5.0
01fe8b93-102f9fe0,5.0
029ce269-29702a45,5.0
01746216-f3e9e455,5.0
03aa1144-12a264b8,5.0
012fdff1-9d1d0d1d,5.0
00beeb02-50440dcd,5.0
0210494e-d9c8ceee,5.0
021c0ade-877a81e9,5.0
03ce2158-04905846,5.0
036a17ef-a4cadcc5,5.0
031637c4-b28f871a,5.0
034ba984-81e22d48,5.0
0133af9c-0fe68717,5.0
029e1042-66968a89,5.0
010d75f8-91f41ad8,5.0
02b12643-f8b3aa6f,5.0
005fd7be-d8e0dc65,5.0
0115917e-14907a6a,5.0
007b11e5-1033ff33,5.0
029abf56-094a6f08,5.0
00810e80-37641274,5.0
02494b7b-a2781ac9,5.0
03ab1996-82bc99cf,5.0
034daca2-a038e325,5.0
01c3e892-551000a2,5.0
036b3982-3fddb690,5.0
00d84b1d-21e6fe01,5.0
03c6a7d2-dd77fffb,5.0
018988f9-0225fc55,5.0
0062298d-e6abad2f,5.0
027e72be-8b4f222c,5.0
00de601c-cfa2404b,5.0
0133af9c-7a0eae36,5.0
02d721b2-3c9348b6,5.0
030a6a6c-fca2979d,5.0
01d87368-a0c0bc84,5.0
0024b742-83709bd4,5.0
02d5e1be-0fcb6604,5.0
03626025-86976117,5.0
019539db-cc36496e,5.0
0373ecad-17c44420,5.0
00abd8a7-ecd6fc56,5.0
01041028-362385a9,5.0
02346f91-27a6b98b,5.0
02ef72c1-950d6851,5.0
031675b4-5ca668c9,5.0
00313a01-62156032,5.0
0104a3f0-9294818d,5.0
01440a35-e0b2f4a2,5.0
00225f53-4200bde2,5.0
014f813e-ea18f067,5.0
01a4deab-ece02859,5.0
01ab0f6d-b74b888d,5.0
0233c21b-577418b6,5.0
01a78dfd-ba2fca5e,5.0
03a08882-3c5b8923,5.0
015f02db-2f4f2353,5.0
00f28fce-a799f8a1,5.0
004ea016-0b1932a7,5.0
024ac038-ffa0ed50,5.0
0062f18d-f8cd3a65,5.0
00091078-59817bb0,5.0
02a26ce5-42f8fd75,5.0
039f729b-9f86828d,5.0
01ca43f9-d9cae3f4,5.0
006676e5-0a512e75,5.0
028daae4-27c30b20,5.0
03d34d05-4a61174c,5.0
03afe274-da9441b2,5.0
039f729b-17136fb4,5.0
00f89335-1825f637,5.0
02fd08c1-f0e81827,5.0
02346f91-a62c5e01,5.0
00d4b6b7-a0b1a3e0,5.0
01ff2210-403e7e0f,5.0
0232ae80-e2da554a,5.0
035d6940-18869b73,5.0
01d07f62-d1b665f0,5.0
00721168-56efa5c2,5.0
022b6d4c-b3fc30be,5.0
03c239e4-54df0d61,5.0
03bda335-c7b9119c,5.0
012e0351-723ac360,5.0
02ddf9bc-a85b5d96,5.0
03793f54-b62cba93,5.0
038ae140-a068f7b0,5.0
00d1bafa-1b47b41c,5.0
028b04e1-f30d3ac9,5.0
035821a3-1faf0199,5.0
01dc8414-3e5938b1,5.0
0332bb54-c4bee5eb,5.0
03343856-ebf78b5f,5.0
035821a3-9f2a08bc,5.0
004071a4-4e8a363a,5.0
03d767c8-2eca52c7,5.0
0178ff32-d94d3509,5.0
02d5e1be-3827db43,5.0
03bdc5a9-2a8fc5ad,5.0
00c87627-b7f6f46c,5.0
037795d6-d456ac0c,5.0
03031fa8-c168834a,5.0
0008a165-c48f4b3e,5.0
0292ca07-bac7cf32,5.0
0129ed1d-d8572c11,5.0
02097021-05dcbf23,5.0
015f23ad-5049df48,5.0
036f07d5-92c52ed8,5.0
0081e3ea-b9448b6b,5.0
024817df-f92d7680,5.0
00a820ef-2b98dcf5,5.0
02514ff2-5fafa3bc,5.0
02d5e1be-bd9bd999,5.0
00a2e3ca-62992459,5.0
03799690-eb48b0b7,5.0
0080b637-55f7930e,5.0
00afa6b9-4efe0141,5.0
01b9efbe-ac6e1c8c,5.0
038fbb3b-7ba9ebcc,5.0
00091078-7cff8ea6,5.0
0391b282-fbb1dba1,5.0
002ab96a-a96704f9,5.0
00ce95b0-84be34a3,5.0
00f42f6b-5a20a4d2,5.0
00d9e313-926b6698,5.0
028258e3-88d36a7b,5.0
038c1daf-abd51f45,5.0
0210896b-e54d48dc,5.0
02344f0c-77b524bd,5.0
0096bcca-369281bd,5.0
024512c0-bf32188b,5.0
002d290d-89d1aea8,5.0
03d75135-9e03be91,5.0
03164aef-9a01fe07,5.0
02cc2722-4d53046c,5.0
01aa2961-e390a466,5.0
000d4f89-3bcbe37a,5.0
01638325-c0f998fd,5.0
02c26e9d-02585e70,5.0
0354cfc5-9421354e,5.0
0048f391-2c5344eb,5.0
01fbf6af-9d47ed83,5.0
0141ab5f-fc9afdd2,5.0
00e782b9-5fe9bffe,5.0
034fbacd-2017ee15,5.0
039f8c1c-d64bfb63,5.0
029e1042-d985bee1,5.0
026b9a11-f819c1b9,5.0
0045e757-088840fc,5.0
014f813e-f026867d,5.0
039cb0e4-e0dfa14a,5.0
038cd048-0a261ef9,5.0
03ce2158-f4a18cf7,5.0
009215e2-e67ccfb7,5.0
01e0535c-fe710ab9,5.0
00268999-9f6d5823,5.0
033dea13-5a8114fe,5.0
02b7b9ee-a76d996e,5.0
01ab0f6d-b377cd7c,5.0
035268c2-5cf95581,5.0
00516b75-7ac91661,5.0
02065c11-194478e8,5.0
03866c0e-97976caa,5.0
01d3a4d7-92c0537c,5.0
0049e5b8-725e21a0,5.0
0001542f-ec815219,5.0
00d9e313-038310a2,5.0
03c5f65d-5f77a9a7,5.0
0096bcca-42d2702c,5.0
026ebbcd-610bf3b0,5.0
007da0eb-e1f588e8,5.0
02065c11-dbd5d35b,5.0
0135988f-d72fb455,5.0
020adf31-972bcf64,5.0
02de93bf-c63bb64d,5.0
02b6d2a0-54fc4ce8,5.0
000f157f-37797ff9,5.0
02a46296-9d712df2,5.0
0141e71e-941b0b5d,5.0
00b1dfed-a89dbe2b,5.0
00207869-046fa443,5.0
007c01ea-63aa326c,5.0
02778d17-efa6d1ee,5.0
03866c0e-2a861ef2,5.0
031a0c80-12e08c88,5.0
03ab1996-e974d94d,5.0
0048f391-eae6a189,5.0
005cdef0-180a776c,5.0
0276479f-a8bfbd53,5.0
0252969b-9ba7b3ea,5.0
012a9c41-3c62334b,5.0
013ae324-a2d71df4,5.0
014d895c-70b158b8,5.0
02d478d1-5ffc4cb0,5.0
022752db-c14a9ac5,5.0
02346f91-9190074e,5.0
00a820ef-98a12e22,5.0
028b5d16-be6486a6,5.0
02f1accd-9a9ee2ba,5.0
00c17a92-d4803287,5.0
0248ab56-904b42ad,5.0
0320e1b6-18e26ab2,5.0
019666dd-b8236d7f,5.0
01c5fd90-949d2d90,5.0
00cee0e0-5e25daa7,5.0
01d250e0-8352d1f1,5.0
02ef72c1-5ee7012d,5.0
01c6a5ce-7dba0d93,5.0
008edf63-4a001f1b,5.0
00134776-9123d227,5.0
0071d9c5-be7394cc,5.0
02d478d1-0328a5bf,5.0
039f729b-2ba56f17,5.0
032203db-7c1e9a6f,5.0
007aeb45-eef41701,5.0
0066b72f-974f6883,5.0
00adbb3f-7757d4ea,5.0
0111523e-64c5acff,5.0
038c1daf-f6f507ff,5.0
01e05a91-2c9e154d,5.0
037be9dd-ff57d0eb,5.0
01551335-542af6dd,5.0
034a8bdf-f9e9ad8d,5.0
0075b179-8e09869a,5.0
01f2af00-195831fa,5.0
01746216-721df8d4,5.0
00a820ef-d655700e,5.0
010799f0-4d81c585,5.0
0245bba2-066e715d,5.0
0341c57c-4e45bd8e,5.0
01f54fd9-6fd0dab3,5.0
03c239e4-2edeb109,5.0
00f0dd0f-1adbde75,5.0
0092e44c-3b3dee4b,5.0
012a9c41-69222e1b,5.0
036605bd-06cda282,5.0
012979cd-e13274a9,5.0
02e06911-cb3fd71e,5.0
00589f25-4cf2b9e0,5.0
02124b78-9823f8fc,5.0
02cfe806-1b386c8a,5.0
0199e7fc-0b6d1a35,5.0
02c928dc-b7de7ec8,5.0
0209c510-5ef87f7a,5.0
017b02cb-8a659756,5.0
031637c4-9b8207b3,5.0
03112119-f95037cc,5.0
00a395fe-d60c0b47,5.0
012a9c41-cef5b320,5.0
00391a82-d1428e56,5.0
01a4deab-b691805a,5.0
003e23ee-67d25f19,5.0
01dc1bbe-8919b3d8,5.0
036f7358-e26ae65d,5.0
011aeca1-fe5af665,5.0
0128cdde-ce2cb20b,5.0
015fe6c9-48a58255,5.0
002d290d-90f2bab2,5.0
017b02cb-477b66fa,5.0
01a70d82-75ba2bd6,5.0
01c5cd64-278f8b91,5.0
0375374a-594dd8ca,5.0
00852c8f-14cf1e60,5.0
000f157f-30b30f5e,5.0
03afe274-e6c2f6f8,5.0
0266fda0-b3dc1941,5.0
0124dfa6-385f1b58,5.0
01460ec4-ae03e419,5.0
01d3a4d7-7940d3f0,5.0
01ef5ee9-5fb62089,5.0
0386df8d-c884dc14,5.0
01eb2be1-84bd2126,5.0
01c5cd64-76bf9abb,5.0
03534ec1-6f21d017,5.0
00cf8e3d-4683d983,5.0
009215e2-ea063b28,5.0
0000f77c-cb820c98,5.0
014070bf-4de0af14,5.0
015ccf71-56e8d5b8,5.0
0309d11c-4f7cba1a,5.0
02a17951-3d88d95e,5.0
03aa4f5e-9c728505,5.0
03c5f65d-d333d726,5.0
035cb512-77517657,5.0
003c4a61-52588960,5.0
01c3e19a-fbacb266,5.0
02dd2f2f-8ef6744a,5.0
00de601c-858a8a8d,5.0
0110b332-cc1282d2,5.0
0030f434-3eb4a3a9,5.0
00b56f41-e0e5d918,5.0
03793f54-c5de387b,5.0
03641c88-f519c8f8,5.0
02b4d710-c34ba68e,5.0
021c4a16-1c50e818,5.0
0135988f-9fcccf88,5.0
01af2f91-38757150,5.0
02645e20-6935575e,5.0
02ef72c1-4af36cad,5.0
02522f64-aec09204,5.0
02c0b2f1-6a191bd8,5.0
03112119-a36f2a78,5.0
00b04b12-a7d7eb85,5.0
02d12c82-bec685e5,5.0
028258e3-9d6e3ffa,5.0
03c594dd-223f1467,5.0
039cb0e4-6c799a13,5.0
0337fd00-e231ff51,5.0
01d3a4d7-e7384cb9,5.0
00067cfb-e535423e,5.0
02a26ce5-597cae3f,5.0
026ebbcd-0c0ee998,5.0
01c71072-718028b8,5.0
0134102e-d43de666,5.0
01d3a4d7-aaf41e75,5.0
009deddd-d68ff1f7,5.0
013ae324-e7ef50a2,5.0
00714cd3-48d6b290,5.0
02d5e1be-873d31be,5.0
002d290d-fa2a8964,5.0
03105f99-28a17a6c,5.0
03b0697b-faa11b32,5.0
0185631d-eabb8700,5.0
01079b7f-9d0e53c5,5.0
01ee7c33-667e3aa0,5.0
038fbb3b-0f3e6b8b,5.0
0210896b-897931be,5.0
033ae54d-46760e92,5.0
0035afff-bd191d6a,5.0
011ad6b2-f34fd564,5.0
01a8723d-89a1953a,5.0
03b8bba0-023c23ad,5.0
00313a01-725ddf3a,5.0
010b452c-2636b85e,5.0
02b3f1b2-eb3e84c6,5.0
00f42f6b-699a498c,5.0
006a7635-ec8fe02c,5.0
011ad6b2-1dfff443,5.0
0096f810-6bcc27da,5.0
03626025-35d58c07,5.0
02b7b9ee-066c81db,5.0
031637c4-10cdaf09,5.0
019cd27a-d1b82c8d,5.0
036c5e73-c37fa9ed,5.0
01d0c813-d40ec94f,5.0
0048f391-8eb40ca6,5.0
02a39657-a59abfc7,5.0
025022b5-e92fb84b,5.0
01e7437e-030183d9,5.0
02ddd956-3d7f38e3,5.0
0070bc56-7d01076a,5.0
009c662e-91aa5a86,5.0
029556a0-0ec9fa6f,5.0
0051e391-d32a618e,5.0
03375ea2-c96d61a8,5.0
03ad8825-8da3b6c3,5.0
036aea46-ee63a8e7,5.0
02ef72c1-8e54f4c6,5.0
0135988f-61d44844,5.0
00a9cd6b-b39be004,5.0
0279c7c7-022be97f,5.0
019d0e2f-26b8c896,5.0
01e9deb7-ed388859,5.0
03112119-40487de6,5.0
01bfe142-6e234db0,5.0
006c0799-10697723,5.0
0128cdde-ea132b68,5.0
02b1d9ff-845e5ab3,5.0
02344f0c-d5d916ff,5.0
006fdb67-a1455b77,5.0
01a70d82-eaaaf673,5.0
014324ec-d139c447,5.0
00787a90-b350f376,5.0
02d5e1be-cb00355e,5.0
012e9465-1031243b,5.0
0373026a-6b400710,5.0
0000f77c-62c2a288,5.0
02d478d1-9ce5120d,5.0
00ecf963-bea6bf0f,5.0
03567106-32193027,5.0
0045e757-02530231,5.0
01fa5cc7-c41fe747,5.0
03d0bae7-be487572,5.0
01b0505f-5f564e84,5.0
002e6895-442e6bc1,5.0
030003dd-480d0868,5.0
02f95a54-6494531c,5.0
02346f91-18e2acf4,5.0
02d478d1-cfb83eb8,5.0
03afe274-5430ce20,5.0
0071d9c5-0f52d539,5.0
02cb294e-e4cabcb7,5.0
00417c23-220bbc98,5.0
0102614a-75ae85cf,5.0
023b022b-723860c9,5.0
013645c8-bb313ab4,5.0
006676e5-624162a7,5.0
00a04f65-8c891f94,5.0
03375ea2-17ddd6fc,5.0
00ffeef4-75f6b5ec,5.0
01d0c813-48d4fcd8,5.0
012b2d03-bef11aa2,5.0
00488a66-6c729bde,5.0
02f767b2-c435cd50,5.0
02c26e9d-959a8a8d,5.0
028357c9-f08394e7,5.0
03d75135-7b1b9a45,5.0
01a01af7-76f6a476,5.0
032164cf-ac289fb1,5.0
0125b9f0-a8dec2ba,5.0
026c5058-acd78182,5.0
03026971-7ff209ef,5.0
01461010-eeca4bf2,5.0
0168e22b-175c805f,5.0
00225f53-67614580,5.0
02de1e9e-77fd472f,5.0
036fa662-4d34b94d,5.0
02e67bab-27594c1d,5.0
002d290d-01969e7d,5.0
01ed3f01-c4dd8d1d,5.0
02e9a153-6eefde0a,5.0
024dd592-94359ff1,5.0
03a1130c-86adf6ea,5.0
0001542f-5ce3cf52,5.0
00202076-9eaa8e42,5.0
03730160-cb96fffb,5.0
000f8d37-d4c09a0f,5.0
01460ec4-b50591be,5.0
028584e7-6a14163e,5.0
002b485a-3f6603f2,5.0
01d0c813-93e6e4f8,5.0
02ae4a52-e4715e65,5.0
01eaedc9-a79a93e0,5.0
00be7020-457a6db4,5.0
017e2d3b-acac71ff,5.0
0182320b-bb377e4e,5.0
00ad8a92-c4851839,5.0
0391b282-4d7145fe,5.0
035cb512-867cbbbf,5.0
02097021-295d2161,5.0
022bf1ed-b3675f44,5.0
02e84dc8-5e5a0a32,5.0
03139031-95a6dcaf,5.0
02c14339-b5be3a6c,5.0
01c2135d-01175da1,5.0
00ce8219-12c6d905,5.0
01dc1bbe-b5109eb3,5.0
00beeb02-ba0790aa,5.0
011a2aa0-677a45ae,5.0
00fcfec9-7ba5dabf,5.0
00eb41b2-6bbff2ca,5.0
023a07ea-71cd21bb,5.0
0133af9c-8a890e5d,5.0
02b0443e-25d7d385,5.0
01cde341-fe529a98,5.0
00cef86b-d8d105b9,5.0
03aa4d2b-a9a49f02,5.0
01688cf2-82391195,5.0
01d3a4d7-0ccd66c3,5.0
02364369-bd3d1838,5.0
03c239e4-212735e7,5.0
004071a4-a45d905f,5.0
006dd004-34630e8d,5.0
021df36f-9dc059b8,5.0
0204aad7-eeb13c43,5.0
02927def-14c4c3cb,5.0
03a30c44-d9c029ff,5.0
03565f44-3a70c0ee,5.0
0096bcca-bfb5ea6c,5.0
032df90b-42018463,5.0
02346f91-87969c22,5.0
0320143b-ca3ebac1,5.0
010526ea-98dc9803,5.0
015ccf71-4b65f4bf,5.0
01ff4acd-b2311e18,5.0
039cb0e4-4dbb3be1,5.0
03935c73-6fad10a2,5.0
03565f44-411ba699,5.0
02d478d1-84df3ff0,5.0
029407d6-ca53347d,5.0
02e1d8c0-afc78448,5.0
007693e6-2535e7bf,5.0
0232c9f2-2ca912f6,5.0
03af3912-36636dd5,5.0
022ff54c-3cb58ec1,5.0
03a5976c-6d4c6239,5.0
02a79112-1c04010d,5.0
01ce3717-4aa554ab,5.0
02e4e46b-cd628347,5.0
01dd5d9a-4501cd3a,5.0
0341c57c-72777957,5.0
03d75135-d72b88f4,5.0
00cef86b-204ea619,5.0
008dd3b9-4b6790d5,5.0
02250ece-2d6bfd5b,5.0
00a0f008-3c67908e,5.0
00f8f875-bad0295f,5.0
02506726-0e9b815e,5.0
007da0eb-1bad8468,5.0
02d478d1-9774e131,5.0
038c1daf-be8d3ee3,5.0
0245bba2-d34755ef,5.0
00ccf2e8-f8c69860,5.0
01c4035b-14d887ca,5.0
029aad77-628b9c45,5.0
026eb2d9-a96c8aa4,5.0
0396011e-8f9b797e,5.0
037413e4-a6d742be,5.0
0373c15f-d7b291b8,5.0
01d0c813-f2819e84,5.0
01118704-e91b1b1c,5.0
0081e3ea-2c0ec19d,5.0
02739c8c-301f2697,5.0
031637c4-bc0eaa8e,5.0
0059f17f-f0882eef,5.0
014e76d7-afb481a3,5.0
01e87cf1-25268f60,5.0
002cd38e-c7defded,5.0
010d75f8-3eb08dc7,5.0
032164cf-8ac0122d,5.0
02f48a74-f9aab55d,5.0
00b4c5fc-8fcf3628,5.0
0096bcca-c2027ec4,5.0
0245bba2-e3e6e1c0,5.0
00e8c106-e197c4b1,5.0
00ffeef4-ea139a4e,5.0
007eddfc-528c4da4,5.0
007aeb45-f9f5ac8c,5.0
01c3e892-a4a8f9ec,5.0
011d593a-89158b9d,5.0
00618cec-ef92ac05,5.0
012f3428-f991fd5e,5.0
02fbd4c5-a558fe36,5.0
0250f554-b900f677,5.0
01b4e4b9-e21fe0a3,5.0
02ef72c1-00a6439d,5.0
01f5086d-7820a48d,5.0
00abf44e-421f6ed7,5.0
00488b40-0a8cf1a0,5.0
02d478d1-23e4ee82,5.0
03c90722-3f80d7a3,5.0
0204aad7-ce83492d,5.0
001c5339-13a07470,5.0
03b997fa-922d0c49,5.0
02d478d1-94733b99,5.0
01632f31-ab7e17e3,5.0
0328e9e5-03177fd8,5.0
026c7465-d54954fa,5.0
0090c713-2854b392,5.0
028b5d16-45f7e11a,5.0
00690c26-e4bbbd72,5.0
007da0eb-8cca23d7,5.0
021a0cdd-baff0e6d,5.0
036f07d5-a41ae610,5.0
001c5339-08faca55,5.0
002b485a-d1301c7c,5.0
015af63d-7af26e37,5.0
017078a5-baa7a0e4,5.0
029fd342-21488eaa,5.0
01818f85-516d8d03,5.0
005ee183-0100ac18,5.0
03c5f65d-36c56cc8,5.0
00423717-eba4da41,5.0
00d7268f-fd4487be,5.0
0298709e-771de5a8,5.0
02fc82b3-279906a9,5.0
02b12643-452a1808,5.0
03d75135-70681f68,5.0
032164cf-74b5fbda,5.0
01e6281b-5be21c14,5.0
03c90c7d-bce637d8,5.0
01af2f91-7bd5e6c9,5.0
02c2a4d8-94d32b2f,5.0
0226f407-491ed238,5.0
01460ec4-522da2d6,5.0
005645a1-dbe34c9d,5.0
01128d0a-031e0a61,5.0
02d3ac59-ada9555d,5.0
01c3e892-c0641182,5.0
009215e2-d6d2d61b,5.0
00e4cae5-c0582574,5.0
01ec6367-7092c37b,5.0
01dad8ea-c6deb141,5.0
00322f82-286ab9b3,5.0
03009421-80952641,5.0
011f8556-ca1f4828,5.0
0128cdde-ba330f54,5.0
02b7b9ee-4cd88e31,5.0
00e5e793-f94de032,5.0
00ffeef4-b105ce4d,5.0
02086f50-c1e5d802,5.0
03b8bba0-e55efcde,5.0
03cee322-f7c906a2,5.0
0033b19f-7f07efac,5.0
02995fe4-1e0fc944,5.0
0289eba3-1c552656,5.0
00091078-c1d32eea,5.0
039f79c0-66d9d6ca,5.0
0335a578-e01e5070,5.0
00067cfb-5443fe39,5.0
03370efc-c690f4d8,5.0
031637c4-d2a9e7f0,5.0
006a4209-4f3bf6cf,5.0
0390cdb2-1f193811,5.0
00d0f034-6d666f7b,5.0
0245bba2-091b06af,5.0
0325b131-11b7d3a0,5.0
0128cdde-1f72dcf1,5.0
02e948bb-53fcbba0,5.0
02162021-ff5ac522,5.0
03626025-d90d48fc,5.0
033f35bd-393e555c,5.0
0374204b-fdaafd91,5.0
03626025-876e549e,5.0
02701fba-809c39f3,5.0
00268999-0b20ef00,5.0
029fd987-078c287a,5.0
016a73c3-ee66beda,5.0
014e76d7-a0c222bc,5.0
00c29c52-f9524f1e,5.0
009aecce-ab411438,5.0
03626025-dbda4490,5.0
02f11fd9-29728135,5.0
02ddd956-37234391,5.0
01f618c6-82cfe9c3,5.0
03d22df4-de552bdb,5.0
03164aef-f18deb04,5.0
02172d82-354cb4fd,5.0
00cea101-06f21d5e,5.0
00f7eac8-5193d600,5.0
01bc8687-63878241,5.0
0128cdde-289cd9e9,5.0
00423ac5-1fa7ff43,5.0
0081da60-27997c07,5.0
02f101f6-56ba9106,5.0
02ef6aa4-de5825cb,5.0
018bf09d-cd788942,5.0
02ebe84b-56c964eb,5.0
000f157f-dab3a407,5.0
01ce75e2-fc93bd7e,5.0
01705c36-8993db9f,5.0
01dfa9c5-8e06d106,5.0
03afe274-4135849f,5.0
03818c05-484d907d,5.0
00fc910e-bce87172,5.0
00c41a61-4ba25ad4,5.0
02e98692-41d62ff5,5.0
01762203-e12f3f9f,5.0
00d9e313-7d75bb18,5.0
004071a4-ef4bf541,5.0
036aaaef-c0fecc6a,5.0
00afa5b2-c14a542f,5.0
0001542f-7c670be8,5.0
001c5339-9a6cdd3e,5.0
0062298d-2d787502,5.0
0324c7e1-630bc0f2,5.0
007693e6-c2a8b9a7,5.0
01af2f91-3eacda83,5.0
01c88f41-3ddab5b5,5.0
038cd048-36e0d7c4,5.0
02d5e1be-7ec9c0bd,5.0
030c8a82-4c8d6fb5,5.0
00a1176f-0652080e,5.0
0096bcca-27a61cb3,5.0
00ed2e85-82bdd22b,5.0
00a04f65-af2ab984,5.0
00b04b30-501822fa,5.0
0232c9f2-5600d649,5.0
007aeb45-96ce245e,5.0
029e1042-e795c758,5.0
016a3756-afd08730,5.0
02f71fb7-95a6a4d3,5.0
0062298d-fd69d0ec,5.0
0309d328-edcdbab5,5.0
008d2a0a-ac995caf,5.0
03c28a8d-3c7633ca,5.0
035f255b-5fce8975,5.0
0384ec78-864ea363,5.0
0045e757-66a334b5,5.0
02d5e1be-87ae2130,5.0
0362e378-c7660e29,5.0
00f2b0d5-c84860fe,5.0
014c3c65-3e7539a0,5.0
0010bf16-a457685b,5.0
027a8c42-c52d5d6b,5.0
01d87368-2ac1d81d,5.0
0100a197-bdbf50ca,5.0
00ed2e85-95394dfd,5.0
0276479f-18918bff,5.0
0329d6b9-abddbf95,5.0
00d8d95a-47d98291,5.0
03b3c151-f37ef8b1,5.0
0332afb8-19fd7a0d,5.0
024ac038-8a8b481c,5.0
01b633a2-5c2fee2e,5.0
02b7b9ee-7d7a2e00,5.0
01079b7f-54afc9ad,5.0
00091078-84635cf2,5.0
01a4933a-252e566a,5.0
0096bcca-095d2c02,5.0
02a0aa2f-0ba5cdab,5.0
03aa1144-50d56781,5.0
010fc651-19922861,5.0
01c5cd64-192464e1,5.0
02a54ddc-ed40d4d2,5.0
02d478d1-42ca3cfb,5.0
02bb67ae-7627384f,5.0
02191150-4615d36f,5.0
0070bc56-8d8cfd82,5.0
01d933a6-c1f361fb,5.0
03954613-c7f9144f,5.0
0032419c-7d20b300,5.0
016a63d6-582c4677,5.0
02d05ded-569401dc,5.0
00d8d95a-74aa476a,5.0
021a0cdd-d147efa6,5.0
013ae324-9d336f91,5.0
0379e014-116dc5cd,5.0
039f729b-8878b974,5.0
01a4deab-40dbb1f3,5.0
019d6206-d5de804a,5.0
030c8a82-7161e818,5.0
038f4cd8-441cf35f,5.0
02995fe4-158af38b,5.0
0184a4be-c7a32fbc,5.0
0024b742-acbed4fb,5.0
0332729f-b63cda04,5.0
02f94134-4bd5b308,5.0
00ce8219-d0b5582e,5.0
033fba91-5ecfcf62,5.0
01460ec4-41af799a,5.0
034ba984-01a430f3,5.0
02522f64-cf006cd5,5.0
02514ff2-b8e3551c,5.0
01ed3f01-33091fbe,5.0
01981fe5-b484769f,5.0
01c3e892-13e4048a,5.0
033764a5-71a0152f,5.0
039f729b-e5d9aec8,5.0
010b0600-f44aed15,5.0
0062ab5a-54bb129b,5.0
00067cfb-5adfaaa7,5.0
00825605-9dcec7d0,5.0
0335a578-bc537992,5.0
014ed2a6-663177f6,5.0
02506726-83b4a05e,5.0
03112119-0aafd3ad,5.0
01bb1cc0-cea208cc,5.0
000d35d3-41990aa4,5.0
0149d509-819eec9c,5.0
02ef72c1-a37b71ce,5.0
02ddd956-3bfcf83e,5.0
032164cf-4cfe9875,5.0
024b92c0-0a350fc3,5.0
019588c0-f482aa5e,5.0
02494b7b-589045ab,5.0
0111523e-a2170455,5.0
021c4a16-f3a34ff5,5.0
007aeb45-56d1aed9,5.0
0035afff-3295dbd6,5.0
02504d95-8ede0c80,5.0
00dc5030-237e7f71,5.0
00d18b13-52d3e4c4,5.0
010526ea-7a0c620d,5.0
01e57e3f-94948016,5.0
03c239e4-dc6332cf,5.0
03453b56-edfdacdd,5.0
0034a363-24f318c4,5.0
028b5d16-af6a6275,5.0
030e8b7a-4dab7745,5.0
00c50078-6298b9c1,5.0
009bd04d-42445981,5.0
0350503e-d3efc96a,5.0
0380421e-b5b2628b,5.0
0329b7f6-7b36589b,5.0
03c239e4-158690bd,5.0
01c9256f-b4754064,5.0
00268999-a4b8e39d,5.0
011f8481-66729fb4,5.0
00054602-3bf57337,5.0
00378858-c5f802ac,5.0
00067cfb-caba8a02,5.0
02645e20-f0955341,5.0
026501c2-16c41a5d,5.0
017bec14-1c6f8718,5.0
029ffd50-dc944dba,5.0
0168e22b-7f034886,5.0
00e49ed1-9d41220c,5.0
0232c9f2-6903da96,5.0
00a2e3ca-5c856cde,5.0
010b0600-47a9e3e0,5.0
0090c713-9d58a186,5.0
006a4209-286a5664,5.0
031637c4-655be58e,5.0
0070bc56-4c0bb2d5,5.0
002685b6-856c17f7,5.0
00d77344-9fe25620,5.0
028c7891-a4644551,5.0
00391a82-8be5b76d,5.0
03626025-6e619fb2,5.0
019c8305-3a3be0d6,5.0
03c239e4-9e0fbb75,5.0
03b1b4bd-011e9eeb,5.0
01f9b5f2-b15a9c4e,5.0
007c11bf-f6da335c,5.0
0035afff-434368a1,5.0
0293224c-713dea0d,5.0
022da1b8-ab52d480,5.0
0308ce2b-1bfd979e,5.0
02da8a10-630b1157,5.0
010d75f8-fa119cd4,5.0
00268999-cb063914,5.0
01317a31-6ea7d85d,5.0
038fbb3b-00346bd4,5.0
03329c4c-c9c0e4cb,5.0
019539db-fe9960ba,5.0
03118840-e80f61b4,5.0
02207cae-1e3da672,5.0
026501c2-dfd80f2d,5.0
02858212-eea55b78,5.0
01cce42a-cd2acad5,5.0
0070bc56-401304be,5.0
0028cbbf-92f30408,5.0
01f2bc5a-5a845805,5.0
01a4deab-6b02cc77,5.0
01fa77d0-e86c6400,5.0
0374204b-40287a38,5.0
03935c73-98cac3ec,5.0
02982dfe-1dd674e5,5.0
009deddd-c8963379,5.0
028f6a10-087ef8f4,5.0
03375401-fb9422a3,5.0
03aa1144-5efc1938,5.0
018f1d4d-0937fae5,5.0
0399d2ac-9bffb35b,5.0
019d2681-83c5bf22,5.0
01b4e4b9-fc7a5264,5.0
00abf44e-04004ca0,5.0
03626025-a6e5a2cd,5.0
014f61f0-c93a2f84,5.0
009aecce-ce4a9413,5.0
006bff20-752bd845,5.0
018d962a-fd869a57,5.0
01f7bbd1-6fbaad8c,5.0
011b09ca-9529e701,5.0
019cd27a-b3c5617d,5.0
03534ec1-78720606,5.0
036db23c-3aec9eee,5.0
026e1e49-771df1d9,5.0
02f101f6-803bdb72,5.0
01d3a4d7-b6a3dfb5,5.0
0035afff-47378fa3,5.0
01bc8687-ad6aee3c,5.0
0336de82-802d2437,5.0
03b0697b-79bfc82c,5.0
033395ff-c02a8a2c,5.0
013b7dd3-80000bcd,5.0
02cdc06d-5502f174,5.0
00fbb190-8834f55b,5.0
039f729b-913a68c6,5.0
01dd2e02-3bd0526b,5.0
024b275b-33674b72,5.0
01983d1d-10abe0ba,5.0
027bf15c-291f196d,5.0
00f0dd0f-5e9c9557,5.0
01638325-901cd4f5,5.0
03b540ad-9e70a0ad,5.0
02c26e9d-d76e139c,5.0
02c10fe6-dd186de7,5.0
01ebc74a-5c69af71,5.0
01460ec4-a12a1552,5.0
0309a59f-1c34bcb8,5.0
02bb67ae-8c3d61f8,5.0
0062e803-38c0a33a,5.0
0294d2b2-7f831a57,5.0
00982f76-83a093ef,5.0
0224ccfa-4551648a,5.0
03164aef-abe781b9,5.0
009215e2-8500bd0b,5.0
0081e27b-17bf4a9e,5.0
034d18b7-99c481df,5.0
019b6143-8c8d343e,5.0
02ce41e9-147b2dd1,5.0
0153f03b-3b26c404,5.0
03adba3a-eea89633,5.0
023a07ea-89f817c3,5.0
00495359-27ce9c7e,5.0
01688cf2-237fbd49,5.0
03d93dd6-990f83bb,5.0
035cb512-2f9fa97d,5.0
01c5cd64-6e208afd,5.0
008edf63-51af8ab6,5.0
027f59e6-ef850020,5.0
007aeb45-3e75ce0e,5.0
012a9c41-edad898c,5.0
012c118a-b3092f3b,5.0
00131ea7-624f538d,5.0
002cd38e-ebe888e1,5.0
02a0f142-1c6504df,5.0
036c79b3-11c1bbd2,5.0
031637c4-ce5604cc,5.0
00a1176f-5121b501,5.0
0035afff-572b2d4e,5.0
02f19914-c71b31e6,5.0
023b022b-be4d30c6,5.0
0089bc2f-5f2d57d5,5.0
00091078-cedbfea7,5.0
0218c5b0-145d6bbf,5.0
015fcc2d-2d44d478,5.0
00313a01-97de1f42,5.0
025022b5-797676cf,5.0
01051f5c-0ec95f5c,5.0
010a3063-55852e55,5.0
01d373c7-45710346,5.0
02cc2722-171d6b7f,5.0
0149d925-c319ce50,5.0
00067cfb-f1b91e3c,5.0
014474aa-accf35e1,5.0
0096bcca-fc7d6d3c,5.0
02ff80b4-9b422cbd,5.0
03112119-f1d28776,5.0
02ef72c1-d2001149,5.0
018f06cd-834da3b3,5.0
00202076-7a95b4e3,5.0
02dff56b-4445bb03,5.0
01118704-2d838d7f,5.0
033fba91-cbf57ac6,5.0
0168e22b-dad440f5,5.0
02139a84-359b2b17,5.0
00232de3-19eca24a,5.0
0111122b-276d22b9,5.0
01041028-15488454,5.0
00831388-d801f28b,5.0
00edfec7-4d92adef,5.0
011f8556-41affeb2,5.0
029ad1d1-2f5ad804,5.0
02cc9ceb-4c3f4418,5.0
0081e3ea-4551210e,5.0
02ffdf93-3547d376,5.0
00d4b6b7-7d0a60bf,5.0
03b135f4-fbcf4d8a,5.0
01818f85-6397dd75,5.0
022adec2-4c80aaf7,5.0
03d767c8-1012d4f8,5.0
0204aad7-8ad8ba92,5.0
00d15d58-9197cde5,5.0
015b88d3-48cc2dc4,5.0
00091078-f32de4d2,5.0
0096bcca-81ffedfc,5.0
0375374a-c7cb24f2,5.0
017e2d3b-765af5a6,5.0
02ef72c1-00ab3007,5.0
03d75f61-ce25863a,5.0
01f087ee-aa19ac33,5.0
019167dd-0f84c4b3,5.0
015b88d3-888cc0b1,5.0
022ba62d-853f4ad1,5.0
013aba02-3fbd03ff,5.0
02ef72c1-a35e37df,5.0
035821a3-1d1d5abb,5.0
03ab1996-e21eb257,5.0
